"Time","Median"
2022-01-02 14:00:00,2.74
2022-01-02 16:00:00,3.07
2022-01-02 18:00:00,2.87
2022-01-02 20:00:00,3.23
2022-01-02 22:00:00,2.90
2022-01-03 00:00:00,3.01
2022-01-03 02:00:00,3.60
2022-01-03 04:00:00,2.33
2022-01-03 06:00:00,2.47
2022-01-03 08:00:00,2.45
2022-01-03 10:00:00,2.76
2022-01-03 12:00:00,2.76
2022-01-03 14:00:00,3.05
2022-01-03 16:00:00,3.01
2022-01-03 18:00:00,3.15
2022-01-03 20:00:00,2.96
2022-01-03 22:00:00,3.51
2022-01-04 00:00:00,3.27
2022-01-04 02:00:00,3.51
2022-01-04 04:00:00,2.51
2022-01-04 06:00:00,2.36
2022-01-04 08:00:00,2.83
2022-01-04 10:00:00,2.75
2022-01-04 12:00:00,3.20
2022-01-04 14:00:00,3.05
2022-01-04 16:00:00,3.16
2022-01-04 18:00:00,3.72
2022-01-04 20:00:00,3.29
2022-01-04 22:00:00,4.01
2022-01-05 00:00:00,2.68
2022-01-05 02:00:00,3.59
2022-01-05 04:00:00,2.49
2022-01-05 06:00:00,2.43
2022-01-05 08:00:00,2.97
2022-01-05 10:00:00,3.25
2022-01-05 12:00:00,2.88
2022-01-05 14:00:00,3.23
2022-01-05 16:00:00,3.22
2022-01-05 18:00:00,3.19
2022-01-05 20:00:00,3.31
2022-01-05 22:00:00,2.96
2022-01-06 00:00:00,2.92
2022-01-06 02:00:00,3.30
2022-01-06 04:00:00,2.77
2022-01-06 06:00:00,2.82
2022-01-06 08:00:00,3.09
2022-01-06 10:00:00,2.90
2022-01-06 12:00:00,2.83
2022-01-06 14:00:00,2.95
2022-01-06 16:00:00,3.34
2022-01-06 18:00:00,3.25
2022-01-06 20:00:00,3.61
2022-01-06 22:00:00,3.06
2022-01-07 00:00:00,2.92
2022-01-07 02:00:00,3.32
2022-01-07 04:00:00,2.42
2022-01-07 06:00:00,2.89
2022-01-07 08:00:00,2.32
2022-01-07 10:00:00,3.05
2022-01-07 12:00:00,2.90
2022-01-07 14:00:00,3.17
2022-01-07 16:00:00,3.60
2022-01-07 18:00:00,3.78
2022-01-07 20:00:00,3.73
2022-01-07 22:00:00,2.95
2022-01-08 00:00:00,2.55
2022-01-08 02:00:00,3.19
2022-01-08 04:00:00,2.77
2022-01-08 06:00:00,2.73
2022-01-08 08:00:00,2.88
2022-01-08 10:00:00,2.79
2022-01-08 12:00:00,2.92
2022-01-08 14:00:00,3.21
2022-01-08 16:00:00,3.39
2022-01-08 18:00:00,3.07
2022-01-08 20:00:00,2.75
2022-01-08 22:00:00,3.44
2022-01-09 00:00:00,2.79
2022-01-09 02:00:00,3.38
2022-01-09 04:00:00,3.24
2022-01-09 06:00:00,2.61
2022-01-09 08:00:00,2.83
2022-01-09 10:00:00,2.81
2022-01-09 12:00:00,3.02
2022-01-09 14:00:00,2.96
2022-01-09 16:00:00,3.50
2022-01-09 18:00:00,3.73
2022-01-09 20:00:00,3.28
2022-01-09 22:00:00,3.19
2022-01-10 00:00:00,2.87
2022-01-10 02:00:00,3.55
2022-01-10 04:00:00,2.67
2022-01-10 06:00:00,3.64
2022-01-10 08:00:00,2.81
2022-01-10 10:00:00,3.03
2022-01-10 12:00:00,2.91
2022-01-10 14:00:00,3.53
2022-01-10 16:00:00,3.22
2022-01-10 18:00:00,3.72
2022-01-10 20:00:00,3.50
2022-01-10 22:00:00,3.04
2022-01-11 00:00:00,3.59
2022-01-11 02:00:00,3.69
2022-01-11 04:00:00,2.42
2022-01-11 06:00:00,2.50
2022-01-11 08:00:00,2.93
2022-01-11 10:00:00,3.14
2022-01-11 12:00:00,3.42
2022-01-11 14:00:00,2.93
2022-01-11 16:00:00,3.14
2022-01-11 18:00:00,3.46
2022-01-11 20:00:00,3.56
2022-01-11 22:00:00,3.15
2022-01-12 00:00:00,2.81
2022-01-12 02:00:00,3.60
2022-01-12 04:00:00,2.85
2022-01-12 06:00:00,2.71
2022-01-12 08:00:00,2.71
2022-01-12 10:00:00,3.33
2022-01-12 12:00:00,3.13
2022-01-12 14:00:00,3.63
2022-01-12 16:00:00,3.14
2022-01-12 18:00:00,3.99
2022-01-12 20:00:00,3.39
2022-01-12 22:00:00,2.87
2022-01-13 00:00:00,3.00
2022-01-13 02:00:00,3.01
2022-01-13 04:00:00,2.81
2022-01-13 06:00:00,2.71
2022-01-13 08:00:00,4.55
2022-01-13 10:00:00,3.43
2022-01-13 12:00:00,3.27
2022-01-13 14:00:00,3.61
2022-01-13 16:00:00,3.49
2022-01-13 18:00:00,3.51
2022-01-13 20:00:00,2.90
2022-01-13 22:00:00,3.00
2022-01-14 00:00:00,3.15
2022-01-14 02:00:00,2.94
2022-01-14 04:00:00,2.60
2022-01-14 06:00:00,3.28
2022-01-14 08:00:00,2.87
2022-01-14 10:00:00,2.92
2022-01-14 12:00:00,2.77
2022-01-14 14:00:00,2.70
2022-01-14 16:00:00,3.10
2022-01-14 18:00:00,3.81
2022-01-14 20:00:00,3.32
2022-01-14 22:00:00,3.40
2022-01-15 00:00:00,2.58
2022-01-15 02:00:00,2.77
2022-01-15 04:00:00,2.47
2022-01-15 06:00:00,2.55
2022-01-15 08:00:00,2.80
2022-01-15 10:00:00,2.86
2022-01-15 12:00:00,2.85
2022-01-15 14:00:00,2.89
2022-01-15 16:00:00,3.35
2022-01-15 18:00:00,3.15
2022-01-15 20:00:00,3.36
2022-01-15 22:00:00,2.95
2022-01-16 00:00:00,2.66
2022-01-16 02:00:00,3.15
2022-01-16 04:00:00,2.67
2022-01-16 06:00:00,6.59
2022-01-16 08:00:00,2.43
2022-01-16 10:00:00,2.40
2022-01-16 12:00:00,2.73
2022-01-16 14:00:00,3.08
2022-01-16 16:00:00,3.08
2022-01-16 18:00:00,3.60
2022-01-16 20:00:00,3.37
2022-01-16 22:00:00,3.16
2022-01-17 00:00:00,2.71
2022-01-17 02:00:00,3.12
2022-01-17 04:00:00,2.70
2022-01-17 06:00:00,2.79
2022-01-17 08:00:00,2.78
2022-01-17 10:00:00,3.15
2022-01-17 12:00:00,3.19
2022-01-17 14:00:00,3.20
2022-01-17 16:00:00,3.73
2022-01-17 18:00:00,3.32
2022-01-17 20:00:00,3.35
2022-01-17 22:00:00,2.93
2022-01-18 00:00:00,2.65
2022-01-18 02:00:00,2.83
2022-01-18 04:00:00,2.58
2022-01-18 06:00:00,2.40
2022-01-18 08:00:00,2.75
2022-01-18 10:00:00,3.40
2022-01-18 12:00:00,2.84
2022-01-18 14:00:00,3.17
2022-01-18 16:00:00,3.26
2022-01-18 18:00:00,3.60
2022-01-18 20:00:00,3.07
2022-01-18 22:00:00,2.97
2022-01-19 00:00:00,3.00
2022-01-19 02:00:00,4.22
2022-01-19 04:00:00,2.66
2022-01-19 06:00:00,2.80
2022-01-19 08:00:00,2.74
2022-01-19 10:00:00,2.95
2022-01-19 12:00:00,3.47
2022-01-19 14:00:00,2.94
2022-01-19 16:00:00,3.74
2022-01-19 18:00:00,4.01
2022-01-19 20:00:00,3.30
2022-01-19 22:00:00,3.33
2022-01-20 00:00:00,3.20
2022-01-20 02:00:00,2.76
2022-01-20 04:00:00,2.70
2022-01-20 06:00:00,2.49
2022-01-20 08:00:00,2.70
2022-01-20 10:00:00,3.61
2022-01-20 12:00:00,3.03
2022-01-20 14:00:00,3.29
2022-01-20 16:00:00,3.66
2022-01-20 18:00:00,3.61
2022-01-20 20:00:00,3.47
2022-01-20 22:00:00,3.13
2022-01-21 00:00:00,2.68
2022-01-21 02:00:00,3.53
2022-01-21 04:00:00,2.45
2022-01-21 06:00:00,2.43
2022-01-21 08:00:00,2.84
2022-01-21 10:00:00,3.49
2022-01-21 12:00:00,2.82
2022-01-21 14:00:00,3.31
2022-01-21 16:00:00,3.30
2022-01-21 18:00:00,3.06
2022-01-21 20:00:00,3.08
2022-01-21 22:00:00,3.06
2022-01-22 00:00:00,2.92
2022-01-22 02:00:00,3.09
2022-01-22 04:00:00,2.53
2022-01-22 06:00:00,2.28
2022-01-22 08:00:00,2.24
2022-01-22 10:00:00,2.84
2022-01-22 12:00:00,3.05
2022-01-22 14:00:00,2.69
2022-01-22 16:00:00,3.11
2022-01-22 18:00:00,3.07
2022-01-22 20:00:00,3.19
2022-01-22 22:00:00,2.94
2022-01-23 00:00:00,2.56
2022-01-23 02:00:00,3.58
2022-01-23 04:00:00,2.53
2022-01-23 06:00:00,2.74
2022-01-23 08:00:00,2.51
2022-01-23 10:00:00,2.61
2022-01-23 12:00:00,3.19
2022-01-23 14:00:00,2.99
2022-01-23 16:00:00,3.25
2022-01-23 18:00:00,3.09
2022-01-23 20:00:00,3.17
2022-01-23 22:00:00,3.07
2022-01-24 00:00:00,2.81
2022-01-24 02:00:00,3.06
2022-01-24 04:00:00,2.49
2022-01-24 06:00:00,2.75
2022-01-24 08:00:00,2.62
2022-01-24 10:00:00,3.08
2022-01-24 12:00:00,3.47
2022-01-24 14:00:00,3.10
2022-01-24 16:00:00,3.60
2022-01-24 18:00:00,3.48
2022-01-24 20:00:00,3.38
2022-01-24 22:00:00,3.08
2022-01-25 00:00:00,2.76
2022-01-25 02:00:00,3.40
2022-01-25 04:00:00,2.63
2022-01-25 06:00:00,2.39
2022-01-25 08:00:00,2.88
2022-01-25 10:00:00,3.24
2022-01-25 12:00:00,3.28
2022-01-25 14:00:00,3.08
2022-01-25 16:00:00,3.55
2022-01-25 18:00:00,3.28
2022-01-25 20:00:00,3.38
2022-01-25 22:00:00,3.36
2022-01-26 00:00:00,2.46
2022-01-26 02:00:00,3.13
2022-01-26 04:00:00,2.48
2022-01-26 06:00:00,2.70
2022-01-26 08:00:00,2.49
2022-01-26 10:00:00,3.08
2022-01-26 12:00:00,3.05
2022-01-26 14:00:00,3.32
2022-01-26 16:00:00,3.87
2022-01-26 18:00:00,3.77
2022-01-26 20:00:00,3.30
2022-01-26 22:00:00,3.10
2022-01-27 00:00:00,2.64
2022-01-27 02:00:00,3.37
2022-01-27 04:00:00,2.31
2022-01-27 06:00:00,2.68
2022-01-27 08:00:00,2.85
2022-01-27 10:00:00,3.06
2022-01-27 12:00:00,3.19
2022-01-27 14:00:00,3.04
2022-01-27 16:00:00,3.39
2022-01-27 18:00:00,3.40
2022-01-27 20:00:00,2.74
2022-01-27 22:00:00,3.18
2022-01-28 00:00:00,2.90
2022-01-28 02:00:00,3.32
2022-01-28 04:00:00,2.80
2022-01-28 06:00:00,2.92
2022-01-28 08:00:00,2.39
2022-01-28 10:00:00,2.88
2022-01-28 12:00:00,3.10
2022-01-28 14:00:00,3.23
2022-01-28 16:00:00,3.41
2022-01-28 18:00:00,3.21
2022-01-28 20:00:00,3.21
2022-01-28 22:00:00,3.26
2022-01-29 00:00:00,2.97
2022-01-29 02:00:00,3.84
2022-01-29 04:00:00,2.52
2022-01-29 06:00:00,2.38
2022-01-29 08:00:00,2.56
2022-01-29 10:00:00,2.87
2022-01-29 12:00:00,3.00
2022-01-29 14:00:00,3.08
2022-01-29 16:00:00,3.32
2022-01-29 18:00:00,3.41
2022-01-29 20:00:00,3.52
2022-01-29 22:00:00,3.37
2022-01-30 00:00:00,2.70
2022-01-30 02:00:00,3.46
2022-01-30 04:00:00,2.76
2022-01-30 06:00:00,2.68
2022-01-30 08:00:00,2.64
2022-01-30 10:00:00,3.12
2022-01-30 12:00:00,2.89
2022-01-30 14:00:00,3.15
2022-01-30 16:00:00,4.09
2022-01-30 18:00:00,3.32
2022-01-30 20:00:00,3.09
2022-01-30 22:00:00,3.54
2022-01-31 00:00:00,3.04
2022-01-31 02:00:00,3.08
2022-01-31 04:00:00,2.82
2022-01-31 06:00:00,2.66
2022-01-31 08:00:00,2.61
2022-01-31 10:00:00,3.37
2022-01-31 12:00:00,3.12
2022-01-31 14:00:00,3.48
2022-01-31 16:00:00,3.65
2022-01-31 18:00:00,4.16
2022-01-31 20:00:00,3.36
2022-01-31 22:00:00,3.11
2022-02-01 00:00:00,2.97
2022-02-01 02:00:00,3.24
2022-02-01 04:00:00,2.63
2022-02-01 06:00:00,3.49
2022-02-01 08:00:00,2.57
2022-02-01 10:00:00,3.00
2022-02-01 12:00:00,3.17
2022-02-01 14:00:00,3.35
2022-02-01 16:00:00,3.08
2022-02-01 18:00:00,3.59
2022-02-01 20:00:00,3.37
2022-02-01 22:00:00,2.77
2022-02-02 00:00:00,2.82
2022-02-02 02:00:00,3.53
2022-02-02 04:00:00,2.56
2022-02-02 06:00:00,3.16
2022-02-02 08:00:00,2.68
2022-02-02 10:00:00,3.12
2022-02-02 12:00:00,3.05
2022-02-02 14:00:00,3.04
2022-02-02 16:00:00,3.17
2022-02-02 18:00:00,3.63
2022-02-02 20:00:00,3.48
2022-02-02 22:00:00,2.97
2022-02-03 00:00:00,2.88
2022-02-03 02:00:00,2.95
2022-02-03 04:00:00,2.44
2022-02-03 06:00:00,2.53
2022-02-03 08:00:00,2.95
2022-02-03 10:00:00,2.85
2022-02-03 12:00:00,3.51
2022-02-03 14:00:00,3.78
2022-02-03 16:00:00,3.19
2022-02-03 18:00:00,3.49
2022-02-03 20:00:00,3.12
2022-02-03 22:00:00,3.00
2022-02-04 00:00:00,3.06
2022-02-04 02:00:00,3.39
2022-02-04 04:00:00,2.50
2022-02-04 06:00:00,2.37
2022-02-04 08:00:00,2.82
2022-02-04 10:00:00,2.93
2022-02-04 12:00:00,3.11
2022-02-04 14:00:00,2.85
2022-02-04 16:00:00,3.17
2022-02-04 18:00:00,3.06
2022-02-04 20:00:00,3.12
2022-02-04 22:00:00,3.01
2022-02-05 00:00:00,2.94
2022-02-05 02:00:00,2.86
2022-02-05 04:00:00,2.70
2022-02-05 06:00:00,2.54
2022-02-05 08:00:00,2.54
2022-02-05 10:00:00,2.78
2022-02-05 12:00:00,3.00
2022-02-05 14:00:00,3.06
2022-02-05 16:00:00,3.40
2022-02-05 18:00:00,3.14
2022-02-05 20:00:00,2.95
2022-02-05 22:00:00,2.75
2022-02-06 00:00:00,3.34
2022-02-06 02:00:00,3.33
2022-02-06 04:00:00,2.48
2022-02-06 06:00:00,2.61
2022-02-06 08:00:00,2.62
2022-02-06 10:00:00,2.75
2022-02-06 12:00:00,2.97
2022-02-06 14:00:00,3.28
2022-02-06 16:00:00,3.42
2022-02-06 18:00:00,2.93
2022-02-06 20:00:00,3.21
2022-02-06 22:00:00,3.20
2022-02-07 00:00:00,2.96
2022-02-07 02:00:00,2.91
2022-02-07 04:00:00,2.88
2022-02-07 06:00:00,2.91
2022-02-07 08:00:00,2.89
2022-02-07 10:00:00,3.27
2022-02-07 12:00:00,4.07
2022-02-07 14:00:00,3.30
2022-02-07 16:00:00,3.44
2022-02-07 18:00:00,3.23
2022-02-07 20:00:00,3.27
2022-02-07 22:00:00,3.17
2022-02-08 00:00:00,2.78
2022-02-08 02:00:00,3.10
2022-02-08 04:00:00,2.69
2022-02-08 06:00:00,3.07
2022-02-08 08:00:00,3.15
2022-02-08 10:00:00,3.28
2022-02-08 12:00:00,3.12
2022-02-08 14:00:00,3.18
2022-02-08 16:00:00,3.85
2022-02-08 18:00:00,3.35
2022-02-08 20:00:00,3.60
2022-02-08 22:00:00,3.06
2022-02-09 00:00:00,3.20
2022-02-09 02:00:00,3.18
2022-02-09 04:00:00,2.44
2022-02-09 06:00:00,2.44
2022-02-09 08:00:00,2.62
2022-02-09 10:00:00,2.91
2022-02-09 12:00:00,3.42
2022-02-09 14:00:00,2.86
2022-02-09 16:00:00,3.53
2022-02-09 18:00:00,3.26
2022-02-09 20:00:00,3.34
2022-02-09 22:00:00,3.19
2022-02-10 00:00:00,2.99
2022-02-10 02:00:00,3.33
2022-02-10 04:00:00,2.49
2022-02-10 06:00:00,2.61
2022-02-10 08:00:00,2.73
2022-02-10 10:00:00,3.25
2022-02-10 12:00:00,3.70
2022-02-10 14:00:00,3.22
2022-02-10 16:00:00,3.76
2022-02-10 18:00:00,3.02
2022-02-10 20:00:00,3.48
2022-02-10 22:00:00,2.75
2022-02-11 00:00:00,2.81
2022-02-11 02:00:00,3.56
2022-02-11 04:00:00,2.52
2022-02-11 06:00:00,2.99
2022-02-11 08:00:00,2.57
2022-02-11 10:00:00,2.72
2022-02-11 12:00:00,4.47
2022-02-11 14:00:00,4.55
2022-02-11 16:00:00,3.31
2022-02-11 18:00:00,3.14
2022-02-11 20:00:00,2.94
2022-02-11 22:00:00,3.01
2022-02-12 00:00:00,2.65
2022-02-12 02:00:00,3.23
2022-02-12 04:00:00,2.77
2022-02-12 06:00:00,2.66
2022-02-12 08:00:00,2.73
2022-02-12 10:00:00,2.77
2022-02-12 12:00:00,2.78
2022-02-12 14:00:00,2.75
2022-02-12 16:00:00,3.22
2022-02-12 18:00:00,3.30
2022-02-12 20:00:00,3.51
2022-02-12 22:00:00,3.00
2022-02-13 00:00:00,3.09
2022-02-13 02:00:00,2.76
2022-02-13 04:00:00,2.42
2022-02-13 06:00:00,2.85
2022-02-13 08:00:00,2.50
2022-02-13 10:00:00,2.49
2022-02-13 12:00:00,2.86
2022-02-13 14:00:00,3.24
2022-02-13 16:00:00,3.17
2022-02-13 18:00:00,3.16
2022-02-13 20:00:00,2.90
2022-02-13 22:00:00,3.08
2022-02-14 00:00:00,2.70
2022-02-14 02:00:00,3.13
2022-02-14 04:00:00,2.60
2022-02-14 06:00:00,2.52
2022-02-14 08:00:00,2.73
2022-02-14 10:00:00,3.16
2022-02-14 12:00:00,3.18
2022-02-14 14:00:00,3.69
2022-02-14 16:00:00,3.35
2022-02-14 18:00:00,3.25
2022-02-14 20:00:00,3.17
2022-02-14 22:00:00,2.85
2022-02-15 00:00:00,2.57
2022-02-15 02:00:00,3.24
2022-02-15 04:00:00,2.57
2022-02-15 06:00:00,3.17
2022-02-15 08:00:00,3.10
2022-02-15 10:00:00,2.94
2022-02-15 12:00:00,2.85
2022-02-15 14:00:00,3.07
2022-02-15 16:00:00,3.31
2022-02-15 18:00:00,3.14
2022-02-15 20:00:00,3.67
2022-02-15 22:00:00,3.30
2022-02-16 00:00:00,2.85
2022-02-16 02:00:00,3.10
2022-02-16 04:00:00,2.76
2022-02-16 06:00:00,2.52
2022-02-16 08:00:00,2.75
2022-02-16 10:00:00,2.70
2022-02-16 12:00:00,2.59
2022-02-16 14:00:00,3.38
2022-02-16 16:00:00,3.25
2022-02-16 18:00:00,3.14
2022-02-16 20:00:00,3.29
2022-02-16 22:00:00,3.06
2022-02-17 00:00:00,2.73
2022-02-17 02:00:00,3.65
2022-02-17 04:00:00,2.63
2022-02-17 06:00:00,2.61
2022-02-17 08:00:00,2.61
2022-02-17 10:00:00,3.20
2022-02-17 12:00:00,3.13
2022-02-17 14:00:00,3.62
2022-02-17 16:00:00,3.36
2022-02-17 18:00:00,3.38
2022-02-17 20:00:00,3.28
2022-02-17 22:00:00,3.00
2022-02-18 00:00:00,2.78
2022-02-18 02:00:00,3.24
2022-02-18 04:00:00,2.36
2022-02-18 06:00:00,2.49
2022-02-18 08:00:00,2.72
2022-02-18 10:00:00,3.08
2022-02-18 12:00:00,2.91
2022-02-18 14:00:00,3.13
2022-02-18 16:00:00,3.51
2022-02-18 18:00:00,3.33
2022-02-18 20:00:00,2.96
2022-02-18 22:00:00,3.02
2022-02-19 00:00:00,2.60
2022-02-19 02:00:00,3.04
2022-02-19 04:00:00,2.59
2022-02-19 06:00:00,2.65
2022-02-19 08:00:00,2.47
2022-02-19 10:00:00,3.09
2022-02-19 12:00:00,3.17
2022-02-19 14:00:00,3.21
2022-02-19 16:00:00,2.97
2022-02-19 18:00:00,3.48
2022-02-19 20:00:00,2.88
2022-02-19 22:00:00,3.08
2022-02-20 00:00:00,3.19
2022-02-20 02:00:00,2.98
2022-02-20 04:00:00,2.69
2022-02-20 06:00:00,2.59
2022-02-20 08:00:00,2.57
2022-02-20 10:00:00,2.73
2022-02-20 12:00:00,2.91
2022-02-20 14:00:00,2.94
2022-02-20 16:00:00,3.14
2022-02-20 18:00:00,3.31
2022-02-20 20:00:00,2.98
2022-02-20 22:00:00,3.21
2022-02-21 00:00:00,2.64
2022-02-21 02:00:00,3.49
2022-02-21 04:00:00,2.59
2022-02-21 06:00:00,2.75
2022-02-21 08:00:00,2.60
2022-02-21 10:00:00,2.67
2022-02-21 12:00:00,3.41
2022-02-21 14:00:00,3.06
2022-02-21 16:00:00,3.05
2022-02-21 18:00:00,3.08
2022-02-21 20:00:00,3.38
2022-02-21 22:00:00,3.13
2022-02-22 00:00:00,3.04
2022-02-22 02:00:00,3.54
2022-02-22 04:00:00,2.96
2022-02-22 06:00:00,2.44
2022-02-22 08:00:00,3.19
2022-02-22 10:00:00,3.14
2022-02-22 12:00:00,3.39
2022-02-22 14:00:00,3.22
2022-02-22 16:00:00,3.43
2022-02-22 18:00:00,3.29
2022-02-22 20:00:00,3.69
2022-02-22 22:00:00,3.23
2022-02-23 00:00:00,2.82
2022-02-23 02:00:00,3.22
2022-02-23 04:00:00,2.59
2022-02-23 06:00:00,2.62
2022-02-23 08:00:00,2.51
2022-02-23 10:00:00,2.90
2022-02-23 12:00:00,3.22
2022-02-23 14:00:00,3.05
2022-02-23 16:00:00,3.69
2022-02-23 18:00:00,3.34
2022-02-23 20:00:00,3.14
2022-02-23 22:00:00,3.21
2022-02-24 00:00:00,2.70
2022-02-24 02:00:00,3.23
2022-02-24 04:00:00,2.64
2022-02-24 06:00:00,2.61
2022-02-24 08:00:00,3.04
2022-02-24 10:00:00,3.02
2022-02-24 12:00:00,3.35
2022-02-24 14:00:00,3.19
2022-02-24 16:00:00,3.42
2022-02-24 18:00:00,3.27
2022-02-24 20:00:00,3.46
2022-02-24 22:00:00,3.10
2022-02-25 00:00:00,3.18
2022-02-25 02:00:00,3.23
2022-02-25 04:00:00,2.64
2022-02-25 06:00:00,2.58
2022-02-25 08:00:00,2.59
2022-02-25 10:00:00,2.80
2022-02-25 12:00:00,3.36
2022-02-25 14:00:00,3.22
2022-02-25 16:00:00,3.09
2022-02-25 18:00:00,3.77
2022-02-25 20:00:00,3.20
2022-02-25 22:00:00,3.00
2022-02-26 00:00:00,2.80
2022-02-26 02:00:00,3.20
2022-02-26 04:00:00,2.36
2022-02-26 06:00:00,2.48
2022-02-26 08:00:00,2.47
2022-02-26 10:00:00,2.55
2022-02-26 12:00:00,2.72
2022-02-26 14:00:00,3.21
2022-02-26 16:00:00,3.38
2022-02-26 18:00:00,3.26
2022-02-26 20:00:00,3.36
2022-02-26 22:00:00,3.17
2022-02-27 00:00:00,2.53
2022-02-27 02:00:00,3.55
2022-02-27 04:00:00,2.65
2022-02-27 06:00:00,2.62
2022-02-27 08:00:00,2.70
2022-02-27 10:00:00,2.52
2022-02-27 12:00:00,2.86
2022-02-27 14:00:00,2.95
2022-02-27 16:00:00,3.19
2022-02-27 18:00:00,3.28
2022-02-27 20:00:00,3.50
2022-02-27 22:00:00,2.92
2022-02-28 00:00:00,2.63
2022-02-28 02:00:00,3.66
2022-02-28 04:00:00,2.69
2022-02-28 06:00:00,2.45
2022-02-28 08:00:00,2.49
2022-02-28 10:00:00,2.80
2022-02-28 12:00:00,3.70
2022-02-28 14:00:00,3.30
2022-02-28 16:00:00,3.05
2022-02-28 18:00:00,3.15
2022-02-28 20:00:00,3.08
2022-02-28 22:00:00,2.93
2022-03-01 00:00:00,2.64
2022-03-01 02:00:00,3.71
2022-03-01 04:00:00,2.57
2022-03-01 06:00:00,2.75
2022-03-01 08:00:00,2.55
2022-03-01 10:00:00,2.96
2022-03-01 12:00:00,3.26
2022-03-01 14:00:00,3.10
2022-03-01 16:00:00,3.67
2022-03-01 18:00:00,3.42
2022-03-01 20:00:00,3.54
2022-03-01 22:00:00,3.02
2022-03-02 00:00:00,2.82
2022-03-02 02:00:00,3.26
2022-03-02 04:00:00,2.51
2022-03-02 06:00:00,2.42
2022-03-02 08:00:00,2.74
2022-03-02 10:00:00,2.76
2022-03-02 12:00:00,2.74
2022-03-02 14:00:00,3.21
2022-03-02 16:00:00,3.32
2022-03-02 18:00:00,3.37
2022-03-02 20:00:00,3.10
2022-03-02 22:00:00,3.08
2022-03-03 00:00:00,2.85
2022-03-03 02:00:00,3.13
2022-03-03 04:00:00,2.67
2022-03-03 06:00:00,2.69
2022-03-03 08:00:00,2.59
2022-03-03 10:00:00,2.83
2022-03-03 12:00:00,3.58
2022-03-03 14:00:00,3.29
2022-03-03 16:00:00,3.29
2022-03-03 18:00:00,3.39
2022-03-03 20:00:00,3.01
2022-03-03 22:00:00,2.88
2022-03-04 00:00:00,2.68
2022-03-04 02:00:00,3.47
2022-03-04 04:00:00,2.57
2022-03-04 06:00:00,2.32
2022-03-04 08:00:00,2.59
2022-03-04 10:00:00,3.23
2022-03-04 12:00:00,3.19
2022-03-04 14:00:00,3.46
2022-03-04 16:00:00,3.31
2022-03-04 18:00:00,3.22
2022-03-04 20:00:00,3.05
2022-03-04 22:00:00,2.95
2022-03-05 00:00:00,3.03
2022-03-05 02:00:00,2.95
2022-03-05 04:00:00,2.33
2022-03-05 06:00:00,2.44
2022-03-05 08:00:00,2.36
2022-03-05 10:00:00,2.66
2022-03-05 12:00:00,2.85
2022-03-05 14:00:00,2.66
2022-03-05 16:00:00,2.93
2022-03-05 18:00:00,2.90
2022-03-05 20:00:00,2.84
2022-03-05 22:00:00,2.56
2022-03-06 00:00:00,3.41
2022-03-06 02:00:00,2.91
2022-03-06 04:00:00,2.40
2022-03-06 06:00:00,2.34
2022-03-06 08:00:00,2.47
2022-03-06 10:00:00,2.92
2022-03-06 12:00:00,2.74
2022-03-06 14:00:00,2.93
2022-03-06 16:00:00,2.93
2022-03-06 18:00:00,2.90
2022-03-06 20:00:00,2.91
2022-03-06 22:00:00,2.92
2022-03-07 00:00:00,2.78
2022-03-07 02:00:00,3.44
2022-03-07 04:00:00,2.69
2022-03-07 06:00:00,2.41
2022-03-07 08:00:00,2.62
2022-03-07 10:00:00,2.74
2022-03-07 12:00:00,2.94
2022-03-07 14:00:00,3.31
2022-03-07 16:00:00,3.55
2022-03-07 18:00:00,3.14
2022-03-07 20:00:00,3.48
2022-03-07 22:00:00,3.37
2022-03-08 00:00:00,2.71
2022-03-08 02:00:00,3.71
2022-03-08 04:00:00,2.57
2022-03-08 06:00:00,2.61
2022-03-08 08:00:00,2.69
2022-03-08 10:00:00,2.92
2022-03-08 12:00:00,3.27
2022-03-08 14:00:00,3.08
2022-03-08 16:00:00,3.00
2022-03-08 18:00:00,3.19
2022-03-08 20:00:00,3.75
2022-03-08 22:00:00,3.44
2022-03-09 00:00:00,3.01
2022-03-09 02:00:00,3.59
2022-03-09 04:00:00,2.75
2022-03-09 06:00:00,2.33
2022-03-09 08:00:00,2.42
2022-03-09 10:00:00,2.85
2022-03-09 12:00:00,3.02
2022-03-09 14:00:00,3.03
2022-03-09 16:00:00,3.38
2022-03-09 18:00:00,3.62
2022-03-09 20:00:00,3.61
2022-03-09 22:00:00,2.95
2022-03-10 00:00:00,2.90
2022-03-10 02:00:00,3.53
2022-03-10 04:00:00,2.78
2022-03-10 06:00:00,2.43
2022-03-10 08:00:00,2.68
2022-03-10 10:00:00,2.85
2022-03-10 12:00:00,2.92
2022-03-10 14:00:00,3.16
2022-03-10 16:00:00,3.36
2022-03-10 18:00:00,3.34
2022-03-10 20:00:00,3.03
2022-03-10 22:00:00,2.89
2022-03-11 00:00:00,2.57
2022-03-11 02:00:00,3.27
2022-03-11 04:00:00,2.66
2022-03-11 06:00:00,2.66
2022-03-11 08:00:00,2.45
2022-03-11 10:00:00,2.48
2022-03-11 12:00:00,2.73
2022-03-11 14:00:00,2.66
2022-03-11 16:00:00,3.29
2022-03-11 18:00:00,3.11
2022-03-11 20:00:00,2.77
2022-03-11 22:00:00,2.75
2022-03-12 00:00:00,2.99
2022-03-12 02:00:00,3.05
2022-03-12 04:00:00,2.68
2022-03-12 06:00:00,2.28
2022-03-12 08:00:00,2.80
2022-03-12 10:00:00,2.60
2022-03-12 12:00:00,2.80
2022-03-12 14:00:00,2.61
2022-03-12 16:00:00,3.02
2022-03-12 18:00:00,2.95
2022-03-12 20:00:00,2.92
2022-03-12 22:00:00,2.82
2022-03-13 00:00:00,2.95
2022-03-13 02:00:00,3.34
2022-03-13 04:00:00,2.61
2022-03-13 06:00:00,2.21
2022-03-13 08:00:00,2.66
2022-03-13 10:00:00,2.85
2022-03-13 12:00:00,2.50
2022-03-13 14:00:00,3.02
2022-03-13 16:00:00,3.06
2022-03-13 18:00:00,2.97
2022-03-13 20:00:00,2.94
2022-03-13 22:00:00,3.54
2022-03-14 00:00:00,3.18
2022-03-14 02:00:00,3.99
2022-03-14 04:00:00,2.37
2022-03-14 06:00:00,2.86
2022-03-14 08:00:00,2.80
2022-03-14 10:00:00,2.74
2022-03-14 12:00:00,3.05
2022-03-14 14:00:00,3.04
2022-03-14 16:00:00,3.17
2022-03-14 18:00:00,3.27
2022-03-14 20:00:00,3.12
2022-03-14 22:00:00,3.28
2022-03-15 00:00:00,2.84
2022-03-15 02:00:00,3.46
2022-03-15 04:00:00,2.98
2022-03-15 06:00:00,2.56
2022-03-15 08:00:00,2.49
2022-03-15 10:00:00,3.04
2022-03-15 12:00:00,3.46
2022-03-15 14:00:00,3.54
2022-03-15 16:00:00,3.66
2022-03-15 18:00:00,3.17
2022-03-15 20:00:00,3.13
2022-03-15 22:00:00,2.88
2022-03-16 00:00:00,2.65
2022-03-16 02:00:00,3.08
2022-03-16 04:00:00,2.53
2022-03-16 06:00:00,2.43
2022-03-16 08:00:00,2.65
2022-03-16 10:00:00,3.19
2022-03-16 12:00:00,3.16
2022-03-16 14:00:00,3.13
2022-03-16 16:00:00,3.15
2022-03-16 18:00:00,3.31
2022-03-16 20:00:00,3.15
2022-03-16 22:00:00,3.09
2022-03-17 00:00:00,2.70
2022-03-17 02:00:00,3.18
2022-03-17 04:00:00,2.31
2022-03-17 06:00:00,2.57
2022-03-17 08:00:00,2.52
2022-03-17 10:00:00,2.99
2022-03-17 12:00:00,3.27
2022-03-17 14:00:00,3.29
2022-03-17 16:00:00,3.29
2022-03-17 18:00:00,3.56
2022-03-17 20:00:00,4.23
2022-03-17 22:00:00,2.94
2022-03-18 00:00:00,2.83
2022-03-18 02:00:00,3.48
2022-03-18 04:00:00,2.45
2022-03-18 06:00:00,2.35
2022-03-18 08:00:00,2.45
2022-03-18 10:00:00,2.78
2022-03-18 12:00:00,2.84
2022-03-18 14:00:00,2.88
2022-03-18 16:00:00,2.92
2022-03-18 18:00:00,2.96
2022-03-18 20:00:00,3.00
2022-03-18 22:00:00,2.91
2022-03-19 00:00:00,2.82
2022-03-19 02:00:00,3.13
2022-03-19 04:00:00,2.67
2022-03-19 06:00:00,2.78
2022-03-19 08:00:00,2.56
2022-03-19 10:00:00,2.65
2022-03-19 12:00:00,2.66
2022-03-19 14:00:00,2.98
2022-03-19 16:00:00,2.94
2022-03-19 18:00:00,3.11
2022-03-19 20:00:00,2.76
2022-03-19 22:00:00,3.80
2022-03-20 00:00:00,2.76
2022-03-20 02:00:00,3.43
2022-03-20 04:00:00,2.33
2022-03-20 06:00:00,2.48
2022-03-20 08:00:00,2.63
2022-03-20 10:00:00,2.84
2022-03-20 12:00:00,2.59
2022-03-20 14:00:00,3.32
2022-03-20 16:00:00,3.15
2022-03-20 18:00:00,3.54
2022-03-20 20:00:00,3.24
2022-03-20 22:00:00,2.87
2022-03-21 00:00:00,3.07
2022-03-21 02:00:00,3.48
2022-03-21 04:00:00,2.63
2022-03-21 06:00:00,2.23
2022-03-21 08:00:00,2.71
2022-03-21 10:00:00,3.28
2022-03-21 12:00:00,3.42
2022-03-21 14:00:00,3.18
2022-03-21 16:00:00,3.89
2022-03-21 18:00:00,3.28
2022-03-21 20:00:00,3.69
2022-03-21 22:00:00,3.64
2022-03-22 00:00:00,2.87
2022-03-22 02:00:00,3.60
2022-03-22 04:00:00,2.40
2022-03-22 06:00:00,2.31
2022-03-22 08:00:00,2.61
2022-03-22 10:00:00,2.76
2022-03-22 12:00:00,2.95
2022-03-22 14:00:00,3.35
2022-03-22 16:00:00,3.56
2022-03-22 18:00:00,3.22
2022-03-22 20:00:00,3.34
2022-03-22 22:00:00,2.95
2022-03-23 00:00:00,2.83
2022-03-23 02:00:00,3.22
2022-03-23 04:00:00,2.37
2022-03-23 06:00:00,2.23
2022-03-23 08:00:00,2.52
2022-03-23 10:00:00,3.05
2022-03-23 12:00:00,2.81
2022-03-23 14:00:00,3.29
2022-03-23 16:00:00,3.83
2022-03-23 18:00:00,3.32
2022-03-23 20:00:00,3.22
2022-03-23 22:00:00,2.70
2022-03-24 00:00:00,3.01
2022-03-24 02:00:00,3.58
2022-03-24 04:00:00,2.23
2022-03-24 06:00:00,2.63
2022-03-24 08:00:00,3.00
2022-03-24 10:00:00,2.80
2022-03-24 12:00:00,3.39
2022-03-24 14:00:00,3.23
2022-03-24 16:00:00,3.50
2022-03-24 18:00:00,3.12
2022-03-24 20:00:00,3.18
2022-03-24 22:00:00,2.78
2022-03-25 00:00:00,2.99
2022-03-25 02:00:00,3.65
2022-03-25 04:00:00,2.55
2022-03-25 06:00:00,2.61
2022-03-25 08:00:00,2.67
2022-03-25 10:00:00,3.28
2022-03-25 12:00:00,3.16
2022-03-25 14:00:00,3.18
2022-03-25 16:00:00,2.84
2022-03-25 18:00:00,3.04
2022-03-25 20:00:00,2.90
2022-03-25 22:00:00,2.58
2022-03-26 00:00:00,2.60
2022-03-26 02:00:00,3.77
2022-03-26 04:00:00,3.50
2022-03-26 06:00:00,2.39
2022-03-26 08:00:00,2.30
2022-03-26 10:00:00,2.51
2022-03-26 12:00:00,2.61
2022-03-26 14:00:00,2.66
2022-03-26 16:00:00,3.01
2022-03-26 18:00:00,3.53
2022-03-26 20:00:00,3.13
2022-03-26 22:00:00,2.76
2022-03-27 00:00:00,2.56
2022-03-27 02:00:00,2.82
2022-03-27 04:00:00,2.42
2022-03-27 06:00:00,2.44
2022-03-27 08:00:00,2.67
2022-03-27 10:00:00,2.66
2022-03-27 12:00:00,2.62
2022-03-27 14:00:00,2.65
2022-03-27 16:00:00,3.04
2022-03-27 18:00:00,3.22
2022-03-27 20:00:00,3.18
2022-03-27 22:00:00,3.29
2022-03-28 00:00:00,3.28
2022-03-28 02:00:00,3.26
2022-03-28 04:00:00,3.83
2022-03-28 06:00:00,3.16
2022-03-28 08:00:00,2.72
2022-03-28 10:00:00,3.20
2022-03-28 12:00:00,2.84
2022-03-28 14:00:00,3.17
2022-03-28 16:00:00,2.97
2022-03-28 18:00:00,3.54
2022-03-28 20:00:00,2.91
2022-03-28 22:00:00,2.85
2022-03-29 00:00:00,3.14
2022-03-29 02:00:00,3.14
2022-03-29 04:00:00,2.32
2022-03-29 06:00:00,2.19
2022-03-29 08:00:00,2.69
2022-03-29 10:00:00,3.10
2022-03-29 12:00:00,3.00
2022-03-29 14:00:00,3.33
2022-03-29 16:00:00,3.23
2022-03-29 18:00:00,3.79
2022-03-29 20:00:00,3.96
2022-03-29 22:00:00,3.26
2022-03-30 00:00:00,2.98
2022-03-30 02:00:00,2.71
2022-03-30 04:00:00,2.32
2022-03-30 06:00:00,2.48
2022-03-30 08:00:00,2.85
2022-03-30 10:00:00,2.83
2022-03-30 12:00:00,3.00
2022-03-30 14:00:00,3.27
2022-03-30 16:00:00,3.32
2022-03-30 18:00:00,3.09
2022-03-30 20:00:00,3.09
2022-03-30 22:00:00,2.87
2022-03-31 00:00:00,2.91
2022-03-31 02:00:00,3.10
2022-03-31 04:00:00,2.47
2022-03-31 06:00:00,2.20
2022-03-31 08:00:00,3.11
2022-03-31 10:00:00,2.90
2022-03-31 12:00:00,3.08
2022-03-31 14:00:00,3.24
2022-03-31 16:00:00,3.71
2022-03-31 18:00:00,3.44
2022-03-31 20:00:00,3.43
2022-03-31 22:00:00,2.68
2022-04-01 00:00:00,3.44
2022-04-01 02:00:00,3.33
2022-04-01 04:00:00,2.43
2022-04-01 06:00:00,2.76
2022-04-01 08:00:00,2.62
2022-04-01 10:00:00,2.81
2022-04-01 12:00:00,3.14
2022-04-01 14:00:00,3.20
2022-04-01 16:00:00,3.18
2022-04-01 18:00:00,3.57
2022-04-01 20:00:00,3.29
2022-04-01 22:00:00,2.63
2022-04-02 00:00:00,3.12
2022-04-02 02:00:00,2.89
2022-04-02 04:00:00,2.57
2022-04-02 06:00:00,2.41
2022-04-02 08:00:00,2.80
2022-04-02 10:00:00,2.59
2022-04-02 12:00:00,2.95